Train Accuracy,Validation Accuracy,Test Accuracy
0.44321724414358243,0.44495903099394374,0.43966666666666665
