Train Accuracy,Validation Accuracy,Test Accuracy
0.44321724414358243,0.44495903099394374,0.21433333333333332
